id,title,kind,state,reviewer,decided_at,decision_reason
1,Amberly Manor,missing_account,applied,Codex — reviewed for Sam Liebl,2026-10-07T20:42:51.721669+00:00,
2,Bellhaven Crossings of Lima,wrong_parent,applied,Codex — reviewed for Sam Liebl,2026-10-07T20:42:52.923474+00:00,
3,Bellhaven Gardens of Monroe,duplicate_accounts,applied,Codex — reviewed for Sam Liebl,2026-10-07T20:42:54.021562+00:00,
4,Bellhaven Healthcare Centre of Ashland,needs_fix,applied,Codex — reviewed for Sam Liebl,2026-10-07T20:41:48.701909+00:00,
5,Bellhaven Meadows of Findlay,wrong_parent,applied,Codex — reviewed for Sam Liebl,2026-10-07T20:42:55.638551+00:00,
6,Bellhaven Rehabilitation & Nursing of Grove City,needs_fix,applied,Codex — reviewed for Sam Liebl,2026-10-07T20:42:56.656152+00:00,
7,Bellhaven Shores of Erie,needs_fix,applied,Codex — reviewed for Sam Liebl,2026-10-07T20:43:44.112063+00:00,
8,Bellhaven Willow Creek,needs_fix,applied,Codex — reviewed for Sam Liebl,2026-10-07T20:43:45.556635+00:00,
9,Bellhaven at Sycamore Ridge,needs_fix,applied,Codex — reviewed for Sam Liebl,2026-10-07T20:43:46.371012+00:00,
10,Bellhaven at Union Square,missing_account,applied,Codex — reviewed for Sam Liebl,2026-10-07T20:43:47.252966+00:00,
11,Bellhaven of Ashtabula,needs_fix,rejected,"Codex for Sam Liebl — rejected: website proves physical address, not that billing PO Box 517 is incorrect; name, locality and phone confirm identity",2026-10-07T20:43:43.205721+00:00,
12,Bellhaven of Batavia,missing_account,applied,Codex — reviewed for Sam Liebl,2026-10-07T20:44:08.687739+00:00,
13,Bellhaven of Carlisle,missing_account,applied,Codex — reviewed for Sam Liebl,2026-10-07T20:44:09.871405+00:00,
14,Bellhaven of Chagrin Falls,needs_fix,applied,Codex — reviewed for Sam Liebl,2026-10-07T20:44:10.904331+00:00,
15,Bellhaven of Chesterton,needs_fix,applied,Codex — reviewed for Sam Liebl,2026-10-07T20:44:11.921730+00:00,
16,Bellhaven of Kettering,wrong_parent,applied,Codex — reviewed for Sam Liebl,2026-10-07T20:44:13.088161+00:00,
17,Bellhaven of Marietta,chow_required,applied,Codex — reviewed for Sam Liebl,2026-10-07T20:42:10.621705+00:00,
18,Bellhaven of Owosso,duplicate_accounts,superseded,,,
19,Bellhaven of Port Clinton,duplicate_accounts,applied,Codex — reviewed for Sam Liebl,2026-10-07T20:44:28.904537+00:00,
20,Bellhaven of Portsmouth,needs_fix,applied,Codex — reviewed for Sam Liebl,2026-10-07T20:44:30.020616+00:00,
21,Bellhaven of Tiffin,chow_required,applied,Codex — reviewed for Sam Liebl,2026-10-07T20:44:31.038445+00:00,
22,Bellhaven of Zanesville,wrong_parent,applied,Codex — reviewed for Sam Liebl,2026-10-07T20:44:32.638042+00:00,
23,The Arbors at Bellhaven - Dayton,needs_fix,applied,Codex — reviewed for Sam Liebl,2026-10-07T20:44:33.553904+00:00,
24,Bellhaven Care Center of Alliance,no_longer_listed,applied,Codex — reviewed for Sam Liebl,2026-10-07T20:45:17.587670+00:00,
25,Bellhaven of Coldwater,no_longer_listed,applied,Codex — reviewed for Sam Liebl,2026-10-07T20:45:18.587020+00:00,
26,Bellhaven of Sandusky,no_longer_listed,applied,Codex — reviewed for Sam Liebl,2026-10-07T20:45:19.503981+00:00,
27,Bellhaven of Owosso,duplicate_accounts,applied,Codex — reviewed for Sam Liebl,2026-10-07T20:44:34.571427+00:00,
