name,street,city,state,zip,care_offerings,source_url,crm_account_id,billing_address_differs
Amberly Manor,4390 Darrow Rd,Hudson,OH,44236,Assisted Living,https://analyst-assessment-production.up.railway.app/communities/amberly-manor,001FF0765B5D75C548,False
Bellhaven Court of Altoona,1125 Logan Blvd,Altoona,PA,16602,Assisted Living,https://analyst-assessment-production.up.railway.app/communities/bellhaven-court-of-altoona,0011D2P3CWSHMF81C8,False
Bellhaven Crossings of Lima,3115 N Cole St,Lima,OH,45801,Assisted Living,https://analyst-assessment-production.up.railway.app/communities/bellhaven-crossings-of-lima,001LGFPBJY4N9MB6KL,False
Bellhaven Gardens of Monroe,750 Stewart Rd,Monroe,MI,48162,Assisted Living,https://analyst-assessment-production.up.railway.app/communities/bellhaven-gardens-of-monroe,001U1750VLVJAGG1S5,False
Bellhaven Healthcare Centre of Ashland,1631 Claremont Ave,Ashland,OH,44805,Short-Term Rehabilitation & Nursing,https://analyst-assessment-production.up.railway.app/communities/bellhaven-healthcare-centre-of-ashland,001RJ0D7Z5MAZN5HX5,False
Bellhaven Meadows of Findlay,1800 N Blanchard St,Findlay,OH,45840,Assisted Living; Memory Support,https://analyst-assessment-production.up.railway.app/communities/bellhaven-meadows-of-findlay,001UKEFGADQ8YCZ4YM,False
Bellhaven Rehabilitation & Nursing of Grove City,3985 Broadway,Grove City,OH,43123,Short-Term Rehabilitation & Nursing,https://analyst-assessment-production.up.railway.app/communities/bellhaven-rehabilitation-nursing-of-grove-city,001TZCSTBZFM6K5BGN,False
Bellhaven Shores of Erie,4930 W Lake Rd,Erie,PA,16505,Assisted Living; Memory Support,https://analyst-assessment-production.up.railway.app/communities/bellhaven-shores-of-erie,001CVBBCSDM7YHN220,False
Bellhaven Terrace of Akron,55 Ridgewood Avenue,Akron,OH,44313,Assisted Living,https://analyst-assessment-production.up.railway.app/communities/bellhaven-terrace-of-akron,0019Y4J61ZBG4R00CD,False
Bellhaven Willow Creek,8060 Willow Creek Ln,Portage,MI,49024,Memory Support,https://analyst-assessment-production.up.railway.app/communities/bellhaven-willow-creek,0017MN2JYAJBDS8WQZ,False
Bellhaven Woods of Toledo,4850 NW Sylvania Ave,Toledo,OH,43623,Memory Support,https://analyst-assessment-production.up.railway.app/communities/bellhaven-woods-of-toledo,0014DHACE6WQU3RMM5,False
Bellhaven at Sycamore Ridge,7420 Sycamore Ridge Dr,Miamisburg,OH,45342,Assisted Living,https://analyst-assessment-production.up.railway.app/communities/bellhaven-at-sycamore-ridge,00191H7JR16471SZ34,False
Bellhaven at Union Square,118 Union Square Dr,New Albany,OH,43054,Assisted Living,https://analyst-assessment-production.up.railway.app/communities/bellhaven-at-union-square,001344BC744A214FFC,False
Bellhaven of Ashtabula,3156 W Prospect Rd,Ashtabula,OH,44004,Short-Term Rehabilitation & Nursing,https://analyst-assessment-production.up.railway.app/communities/bellhaven-of-ashtabula,001NXP9X46CWEPSLSV,True
Bellhaven of Batavia,2000 Hospital Dr,Batavia,OH,45103,Short-Term Rehabilitation & Nursing,https://analyst-assessment-production.up.railway.app/communities/bellhaven-of-batavia,001D735E7FB767CA2C,False
Bellhaven of Carlisle,640 Walnut Bottom Rd,Carlisle,PA,17015,Short-Term Rehabilitation & Nursing,https://analyst-assessment-production.up.railway.app/communities/bellhaven-of-carlisle,001D0D1AC3642E521F,False
Bellhaven of Chagrin Falls,150 River St,Chagrin Falls,OH,44022,Assisted Living,https://analyst-assessment-production.up.railway.app/communities/bellhaven-of-chagrin-falls,001RJU1X4NBWC1Q0G7,False
Bellhaven of Chesterton,1250 NW Franklin Street,Chesterton,IN,46304,Short-Term Rehabilitation & Nursing,https://analyst-assessment-production.up.railway.app/communities/bellhaven-of-chesterton,0013NUZQHQUEZ8DXEG,False
Bellhaven of Defiance,700 Carpenter Rd,Defiance,OH,43512,Short-Term Rehabilitation & Nursing,https://analyst-assessment-production.up.railway.app/communities/bellhaven-of-defiance,001R4PXTUD9R6FNN8V,False
Bellhaven of Goshen,1610 College Ave,Goshen,IN,46526,Assisted Living,https://analyst-assessment-production.up.railway.app/communities/bellhaven-of-goshen,001JQER1RMYKNRLNME,False
Bellhaven of Kalamazoo,3222 Gull Rd,Kalamazoo,MI,49048,Short-Term Rehabilitation & Nursing,https://analyst-assessment-production.up.railway.app/communities/bellhaven-of-kalamazoo,001NSHWKQD0YJLPQ20,False
Bellhaven of Kettering,3313 Wilmington Pike,Kettering,OH,45429,Short-Term Rehabilitation & Nursing,https://analyst-assessment-production.up.railway.app/communities/bellhaven-of-kettering,001WR41PYNWXCAE2X4,False
Bellhaven of Maplewood,210 Orchard Lane,Maplewood,OH,44280,Assisted Living,https://analyst-assessment-production.up.railway.app/communities/bellhaven-of-maplewood,001L3LGR6W69J8DYYV,False
Bellhaven of Marietta,805 Colegate Dr,Marietta,OH,45750,Short-Term Rehabilitation & Nursing,https://analyst-assessment-production.up.railway.app/communities/bellhaven-of-marietta,0019708D63D93C24CD,False
Bellhaven of Marion,199 Barks Rd W,Marion,OH,43302,Short-Term Rehabilitation & Nursing,https://analyst-assessment-production.up.railway.app/communities/bellhaven-of-marion,0015L38R1Z5947ZZP7,False
Bellhaven of Meadville,341 Chestnut St,Meadville,PA,16335,Short-Term Rehabilitation & Nursing,https://analyst-assessment-production.up.railway.app/communities/bellhaven-of-meadville,001KC1NG7EZDEKKA3T,False
Bellhaven of New Carlisle,875 Elm Street,New Carlisle,OH,45344,Short-Term Rehabilitation & Nursing,https://analyst-assessment-production.up.railway.app/communities/bellhaven-of-new-carlisle,001AQGPZ5G5VRES536,False
Bellhaven of Owosso,1120 W Main St,Owosso,MI,48867,Assisted Living,https://analyst-assessment-production.up.railway.app/communities/bellhaven-of-owosso,001EGU7BMJ942ZTRE6,False
Bellhaven of Port Clinton,1420 Harbor Point Dr,Port Clinton,OH,43452,Short-Term Rehabilitation & Nursing,https://analyst-assessment-production.up.railway.app/communities/bellhaven-of-port-clinton,001UELXDAKFRKB8932,False
Bellhaven of Portsmouth,2222 Gallia St,Portsmouth,OH,45662,Short-Term Rehabilitation & Nursing,https://analyst-assessment-production.up.railway.app/communities/bellhaven-of-portsmouth,001CF3LDWVRGL09P4F,False
Bellhaven of Saline,980 W Michigan Ave,Saline,MI,48176,Short-Term Rehabilitation & Nursing,https://analyst-assessment-production.up.railway.app/communities/bellhaven-of-saline,001MVVAPY6U5TVYRC4,False
Bellhaven of Tiffin,45 St Lawrence Dr,Tiffin,OH,44883,Short-Term Rehabilitation & Nursing,https://analyst-assessment-production.up.railway.app/communities/bellhaven-of-tiffin,00133D3466ED9A4EC5,False
Bellhaven of Wooster,2301 Cleveland Road,Wooster,OH,44691,Short-Term Rehabilitation & Nursing,https://analyst-assessment-production.up.railway.app/communities/bellhaven-of-wooster,001W5G121A7SMRP58M,False
Bellhaven of Zanesville,2680 Maple Ave,Zanesville,OH,43701,Short-Term Rehabilitation & Nursing,https://analyst-assessment-production.up.railway.app/communities/bellhaven-of-zanesville,001H1JMVZWP46D5VUF,False
The Arbors at Bellhaven - Dayton,2210 Salem Ave,Dayton,OH,45406,Memory Support,https://analyst-assessment-production.up.railway.app/communities/the-arbors-at-bellhaven-dayton,0010KJFP601YNTZVDA,False
